Src_Zone,Dst_Zone
trust-1881,Untrust
trust-1881,trust-674
trust-674,trust-1881
trust-1881,trust-684
trust-665,trust-1881
trust-1881,trust-646
trust-684,trust-1881
trust-1881,trust-1359
trust-1359,trust-1881
trust-1798,Untrust
trust-1798,trust-674
trust-674,trust-1798
trust-1798,trust-684
trust-665,trust-1798
trust-1798,trust-661
trust-1064,trust-1798
trust-1798,trust-646
trust-684,trust-1798
trust-1798,trust-1359
trust-1359,trust-1798
trust-1798,trust-691
trust-646,trust-1418
trust-646,Untrust
trust-661,trust-687
trust-662,trust-684
trust-662,trust-691
trust-663,Untrust
trust-665,trust-684
trust-665,Untrust
trust-674,trust-661
trust-674,Untrust
trust-684,trust-674
trust-684,trust-687
trust-684,Untrust
trust-687,trust-662
trust-687,trust-674
trust-687,trust-684
trust-687,Untrust
trust-688,trust-674
trust-688,trust-689
trust-691,trust-674
trust-691,trust-687
trust-691,Untrust
Untrust,trust-691
trust-662,trust-687
trust-662,Untrust
Untrust,trust-646
Untrust,trust-688
Untrust,trust-662
Untrust,trust-663
trust-662,trust-646
trust-674,trust-687
trust-665,trust-687
trust-685,Untrust
trust-686,trust-661
trust-662,trust-661
trust-665,trust-662
trust-665,trust-646
trust-665,trust-691
trust-665,trust-689
trust-665,trust-688
trust-665,trust-674
trust-665,trust-661
trust-662,trust-688
trust-684,trust-686
trust-687,trust-665
trust-688,trust-665
trust-686,trust-688
trust-661,Untrust
trust-661,trust-691
trust-661,trust-689
trust-686,Untrust
trust-685,trust-684
trust-684,trust-685
trust-691,trust-689
trust-662,trust-674
trust-688,trust-691
trust-684,trust-661
Untrust,trust-689
trust-689,Untrust
trust-684,trust-665
trust-691,trust-688
trust-674,trust-665
trust-665,trust-663
trust-663,trust-661
trust-661,trust-665
trust-665,trust-685
trust-687,trust-661
trust-685,trust-665
trust-662,trust-665
trust-663,trust-684
trust-661,trust-684
trust-684,trust-663
trust-684,trust-688
trust-674,trust-684
trust-685,trust-661
trust-688,trust-686
trust-662,trust-686
trust-686,trust-662
trust-688,trust-662
trust-686,trust-665
trust-691,trust-661
trust-688,trust-661
trust-691,trust-684
trust-663,trust-688
trust-688,trust-663
trust-689,trust-661
trust-689,trust-665
trust-691,trust-665
trust-689,trust-691
trust-662,trust-663
trust-688,trust-687
trust-687,trust-688
trust-684,trust-689
trust-686,trust-674
trust-663,trust-662
trust-689,trust-688
trust-687,trust-691
trust-687,trust-689
trust-689,trust-674
trust-686,trust-687
trust-686,trust-691
trust-691,trust-662
trust-674,trust-691
trust-332,trust-686
trust-674,trust-688
trust-686,trust-663
trust-663,trust-686
trust-687,trust-686
trust-687,trust-663
trust-662,trust-689
trust-646,trust-661
trust-646,trust-684
trust-646,trust-687
trust-687,trust-646
trust-684,trust-646
trust-646,trust-688
trust-646,trust-662
trust-646,trust-665
trust-688,trust-646
trust-686,trust-646
trust-685,trust-674
trust-685,trust-687
trust-691,trust-686
trust-646,trust-674
trust-646,trust-691
trust-661,trust-686
trust-665,trust-686
trust-688,Untrust
trust-689,trust-687
trust-646,trust-686
Untrust,trust-686
trust-661,trust-674
trust-684,trust-691
trust-689,trust-684
trust-688,trust-684
trust-686,trust-684
trust-684,trust-662
trust-674,trust-662
trust-661,trust-688
trust-661,trust-662
Untrust,trust-665
Untrust,trust-661
Untrust,trust-674
Untrust,trust-684
Untrust,trust-685
Untrust,trust-687
Untrust,trust-1054
trust-1054,Untrust
trust-691,trust-1054
trust-684,trust-1054
trust-665,trust-1054
trust-1054,trust-662
trust-1054,trust-684
trust-1054,trust-674
trust-685,trust-691
Untrust,trust-1129
trust-661,trust-1129
trust-665,trust-1129
trust-674,trust-1129
trust-684,trust-1129
trust-1129,Untrust
trust-1129,trust-665
trust-663,trust-646
trust-663,trust-691
trust-663,trust-687
trust-663,trust-674
trust-663,trust-685
trust-685,trust-663
trust-661,trust-663
trust-674,trust-663
trust-689,trust-663
trust-691,trust-663
trust-646,trust-663
trust-1129,trust-674
trust-662,trust-662
trust-687,trust-685
trust-691,trust-646
trust-685,trust-662
trust-662,trust-685
trust-688,trust-685
trust-685,trust-686
trust-685,trust-688
trust-685,trust-689
trust-661,trust-685
trust-674,trust-685
trust-691,trust-685
trust-686,trust-685
trust-689,trust-685
trust-1324,Untrust
trust-1325,Untrust
trust-1326,Untrust
trust-1327,Untrust
trust-1324,trust-674
trust-674,trust-1324
trust-1325,trust-674
trust-674,trust-1325
trust-1326,trust-674
trust-674,trust-1326
trust-1327,trust-674
trust-674,trust-1327
trust-1324,trust-684
trust-1324,trust-687
trust-1325,trust-684
trust-1325,trust-687
trust-1326,trust-684
trust-1326,trust-687
trust-1327,trust-684
trust-665,trust-1324
trust-665,trust-1325
trust-665,trust-1326
trust-665,trust-1327
trust-1325,trust-1324
trust-1325,trust-1326
trust-1327,trust-1324
trust-1327,trust-1326
trust-1324,trust-1325
trust-1324,trust-1326
trust-1326,trust-1325
trust-1326,trust-1324
Untrust,trust-1325
Untrust,trust-1327
Untrust,trust-1324
Untrust,trust-1326
trust-1054,trust-691
trust-1324,trust-1327
trust-661,trust-1325
trust-661,trust-1324
trust-661,trust-1326
trust-1325,trust-661
trust-1324,trust-661
trust-1326,trust-661
trust-1326,trust-1327
trust-1064,Untrust
trust-1064,trust-674
trust-1064,trust-684
trust-1064,trust-687
trust-1064,trust-1359
Untrust,trust-1064
Untrust,trust-1303
Untrust,trust-1359
Untrust,trust-1361
trust-1359,Untrust
trust-665,trust-1359
trust-1359,trust-684
trust-1359,trust-687
trust-687,trust-1359
trust-684,trust-1359
trust-1359,trust-674
trust-1359,trust-663
trust-663,trust-1359
trust-1361,Untrust
trust-665,trust-1361
trust-1361,trust-684
trust-1361,trust-687
trust-687,trust-1361
trust-684,trust-1361
trust-1361,trust-674
trust-1361,trust-663
trust-663,trust-1361
trust-1359,trust-1361
trust-1361,trust-1359
trust-674,trust-1359
Untrust,trust-1364
trust-665,trust-1364
trust-687,trust-1364
trust-684,trust-1364
trust-663,trust-1364
trust-1364,Untrust
trust-1364,trust-684
trust-1364,trust-687
trust-1364,trust-674
trust-1364,trust-663
Untrust,trust-1365
trust-665,trust-1365
trust-1365,trust-684
trust-1365,trust-687
trust-1365,trust-674
trust-1365,trust-663
trust-1064,trust-1366
Untrust,trust-1366
trust-665,trust-1366
trust-687,trust-1366
trust-684,trust-1366
trust-1366,Untrust
trust-1366,trust-684
trust-1366,trust-687
trust-1366,trust-674
trust-1366,trust-663
trust-1064,trust-1367
Untrust,trust-1367
trust-665,trust-1367
trust-684,trust-1367
trust-663,trust-1367
trust-1367,Untrust
trust-1367,trust-684
trust-1367,trust-687
trust-687,trust-1367
trust-1367,trust-674
trust-1367,trust-663
trust-1359,trust-646
trust-1359,trust-661
trust-1361,trust-646
trust-1361,trust-661
trust-1367,trust-646
trust-1366,trust-646
trust-1365,trust-646
trust-1364,trust-646
trust-1366,trust-1367
trust-1366,trust-1364
trust-1366,trust-1365
trust-1367,trust-1366
trust-1367,trust-1364
trust-1367,trust-1365
trust-1364,trust-1366
trust-1364,trust-1367
trust-1364,trust-1365
trust-674,trust-1364
trust-1365,trust-1366
trust-1365,trust-1367
trust-1365,trust-1364
trust-1365,Untrust
trust-674,trust-1365
trust-1324,trust-646
trust-1325,trust-646
trust-1326,trust-646
trust-1327,trust-646
trust-689,trust-646
trust-689,trust-662
trust-674,trust-646
trust-661,trust-1359
trust-684,trust-1365
trust-684,trust-1324
trust-684,trust-1325
trust-684,trust-1326
trust-684,trust-1327
trust-1415,Untrust
Untrust,trust-1415
trust-665,trust-1418
trust-665,trust-1419
Untrust,trust-1418
Untrust,trust-1419
trust-1418,Untrust
trust-1419,Untrust
trust-1415,trust-674
trust-1418,trust-674
trust-1419,trust-674
trust-1361,trust-691
trust-691,trust-1359
trust-684,trust-1064
trust-684,trust-1303
trust-1325,trust-1359
trust-684,trust-1415
trust-684,trust-1418
trust-684,trust-1419
trust-646,trust-689
trust-1418,trust-646
trust-1418,trust-661
trust-1418,trust-662
trust-1418,trust-663
trust-1418,trust-665
trust-1418,trust-684
trust-1418,trust-685
trust-1418,trust-686
trust-1418,trust-687
trust-1418,trust-688
trust-1418,trust-689
trust-1418,trust-691
trust-1418,trust-1054
trust-1418,trust-1064
trust-1418,trust-1129
trust-1418,trust-1303
trust-1418,trust-1324
trust-1418,trust-1325
trust-1418,trust-1326
trust-1418,trust-1327
trust-1418,trust-1359
trust-1418,trust-1361
trust-1418,trust-1364
trust-1418,trust-1365
trust-1418,trust-1366
trust-1418,trust-1367
trust-1418,trust-1419
trust-1361,trust-1366
trust-1361,trust-1367
trust-1359,trust-662
trust-1359,trust-665
trust-1359,trust-685
trust-1359,trust-686
trust-1359,trust-688
trust-1359,trust-689
trust-1359,trust-691
trust-1359,trust-1054
trust-1359,trust-1064
trust-1359,trust-1129
trust-1359,trust-1303
trust-1359,trust-1324
trust-1359,trust-1325
trust-1359,trust-1326
trust-1359,trust-1327
trust-1359,trust-1364
trust-1359,trust-1366
trust-1359,trust-1367
trust-1359,trust-1415
trust-1359,trust-1418
trust-1359,trust-1419
trust-687,trust-1324
trust-1129,trust-691
trust-646,trust-1359
trust-662,trust-1359
trust-685,trust-1359
trust-686,trust-1359
trust-688,trust-1359
trust-689,trust-1359
trust-1054,trust-1359
trust-1129,trust-1359
trust-1303,trust-1359
trust-1324,trust-1359
trust-1326,trust-1359
trust-1327,trust-1359
trust-1364,trust-1359
trust-1366,trust-1359
trust-1367,trust-1359
trust-1415,trust-1359
trust-1419,trust-1359
trust-662,trust-1361
trust-674,trust-1361
trust-691,trust-1361
trust-1303,Untrust
trust-646,trust-1366
trust-661,trust-1366
trust-662,trust-1366
trust-663,trust-1366
trust-674,trust-1366
trust-685,trust-1366
trust-686,trust-1366
trust-688,trust-1366
trust-689,trust-1366
trust-691,trust-1366
trust-1054,trust-1366
trust-1129,trust-1366
trust-1303,trust-1366
trust-1324,trust-1366
trust-1325,trust-1366
trust-1326,trust-1366
trust-1327,trust-1366
trust-1415,trust-1366
trust-1419,trust-1366
trust-646,trust-1367
trust-661,trust-1367
trust-662,trust-1367
trust-674,trust-1367
trust-685,trust-1367
trust-686,trust-1367
trust-688,trust-1367
trust-689,trust-1367
trust-691,trust-1367
trust-1054,trust-1367
trust-1129,trust-1367
trust-1303,trust-1367
trust-1324,trust-1367
trust-1325,trust-1367
trust-1326,trust-1367
trust-1327,trust-1367
trust-1419,trust-691
trust-1303,trust-691
trust-691,trust-1415
trust-1365,trust-1359
trust-687,trust-1326
trust-674,trust-686
trust-674,trust-689
trust-1359,trust-1365
trust-665,trust-1415
trust-1441,Untrust
trust-1441,trust-674
trust-674,trust-1441
trust-1441,trust-684
trust-665,trust-1441
trust-1441,trust-1324
trust-1441,trust-1326
trust-1324,trust-1441
trust-1325,trust-1441
trust-1441,trust-1325
Untrust,trust-1441
trust-1441,trust-646
trust-684,trust-1441
trust-1441,trust-1359
trust-1418,trust-1441
trust-1359,trust-1441
trust-687,trust-1325
trust-1729,Untrust
trust-1729,trust-674
trust-674,trust-1729
trust-1729,trust-684
trust-665,trust-1729
Untrust,trust-1729
trust-1729,trust-661
trust-1729,trust-646
trust-684,trust-1729
trust-1729,trust-1359
trust-1359,trust-1729
trust-1729,trust-691
trust-687,trust-1449
trust-688,trust-1449
trust-662,trust-1449
trust-1449,Untrust
trust-1449,trust-674
trust-674,trust-1449
trust-1449,trust-684
trust-1449,trust-687
trust-665,trust-1449
Untrust,trust-1449
trust-1449,trust-661
trust-1449,trust-646
trust-684,trust-1449
trust-1449,trust-1359
trust-1359,trust-1449
trust-1449,trust-691
trust-1449,trust-689
trust-688,trust-688
trust-689,trust-689
trust-663,trust-665
trust-1449,trust-686
trust-661,trust-1449
trust-686,trust-1449
trust-687,trust-1365
trust-1449,trust-1129
trust-1129,trust-1449
trust-1129,trust-661
trust-691,trust-1129
trust-684,trust-1464
trust-663,trust-1325
trust-663,trust-1327
trust-663,trust-1324
trust-663,trust-1326
trust-663,trust-689
trust-663,trust-1449
trust-663,trust-1441
trust-663,trust-1365
trust-663,trust-1418
trust-663,trust-1419
trust-663,trust-1415
trust-689,trust-1449
trust-1449,trust-662
trust-1449,trust-688
trust-1415,trust-691
trust-661,trust-646
trust-686,trust-686
trust-687,trust-687
trust-691,trust-1449
trust-1449,trust-1361
trust-1361,trust-1449
trust-685,trust-646
trust-646,trust-1324
trust-646,trust-1325
trust-689,trust-686
trust-1324,trust-1364
trust-1324,trust-1365
trust-1326,trust-1364
trust-1326,trust-1365
trust-1364,trust-1324
trust-1364,trust-1326
trust-1365,trust-1324
trust-1365,trust-1326
trust-1303,trust-674
trust-1464,trust-674
trust-1464,Untrust
trust-1054,trust-687
trust-686,trust-689
trust-687,trust-1464
trust-1464,trust-687
trust-662,trust-1419
trust-1419,trust-688
trust-1419,trust-684
trust-1419,trust-665
trust-684,trust-684
trust-1129,trust-684
trust-1303,trust-684
trust-1415,trust-684
trust-1359,trust-1359
trust-1419,trust-662
trust-688,trust-1419
trust-1129,trust-687
trust-1303,trust-687
trust-1327,trust-687
trust-1415,trust-687
trust-1419,trust-687
trust-1441,trust-687
trust-1418,trust-1415
trust-1324,trust-1324
trust-1325,trust-1325
trust-1326,trust-1326
trust-1327,trust-1327
trust-1361,trust-1361
trust-661,trust-1418
trust-661,trust-1419
trust-691,trust-1418
trust-674,trust-1419
trust-687,trust-1419
trust-1364,trust-1364
trust-1365,trust-1365
trust-1366,trust-1366
trust-1367,trust-1367
trust-1326,trust-1441
Untrust,trust-1718
trust-1718,Untrust
trust-686,trust-1326
trust-686,trust-1441
trust-686,trust-1324
trust-691,trust-1324
trust-646,trust-1441
trust-691,trust-1441
trust-1359,trust-1718
trust-1324,trust-1418
trust-1727,Untrust
trust-1727,trust-674
trust-674,trust-1727
trust-1727,trust-684
trust-665,trust-1727
Untrust,trust-1727
trust-1727,trust-646
trust-684,trust-1727
trust-1727,trust-1359
trust-1359,trust-1727
trust-1727,trust-691
trust-1727,trust-687
trust-1129,trust-1727
trust-674,trust-1418
trust-687,trust-1418
trust-1726,Untrust
trust-1726,trust-674
trust-674,trust-1726
trust-1726,trust-684
trust-665,trust-1726
Untrust,trust-1726
trust-1726,trust-661
trust-1726,trust-646
trust-684,trust-1726
trust-1726,trust-1359
trust-1359,trust-1726
trust-1726,trust-691
trust-1726,trust-687
trust-665,trust-1718
trust-1725,Untrust
Untrust,trust-1725
trust-1725,trust-674
trust-674,trust-1725
trust-1725,trust-684
trust-665,trust-1725
trust-1725,trust-661
trust-1725,trust-646
trust-684,trust-1725
trust-1725,trust-1359
trust-1359,trust-1725
trust-1725,trust-691
trust-1725,trust-687
Untrust,trust-1731
trust-1731,Untrust
trust-1731,trust-691
trust-1731,trust-689
trust-1731,trust-674
trust-674,trust-1731
trust-1731,trust-684
trust-665,trust-1731
trust-1731,trust-661
trust-1731,trust-646
trust-684,trust-1731
trust-1731,trust-1359
trust-1359,trust-1731
trust-1731,trust-687
Untrust,trust-1762
trust-1762,Untrust
trust-684,trust-1762
trust-665,trust-1762
trust-1762,trust-665
trust-1762,trust-684
trust-1762,trust-691
trust-1762,trust-661
trust-1762,trust-687
trust-1762,trust-688
trust-1762,trust-662
trust-1762,trust-1129
trust-1762,trust-685
trust-1762,trust-1324
trust-1762,trust-1359
trust-1762,trust-1364
trust-1762,trust-1365
trust-1762,trust-646
trust-1762,trust-1366
trust-1762,trust-1367
trust-687,trust-1762
trust-688,trust-1762
trust-691,trust-1762
trust-662,trust-1762
trust-685,trust-1762
trust-646,trust-1762
trust-661,trust-1762
trust-663,trust-1762
trust-1359,trust-1762
trust-1418,trust-1762
trust-1762,trust-674
trust-674,trust-1762
trust-1361,trust-1727
trust-1449,trust-1762
trust-1730,Untrust
trust-1729,trust-687
trust-687,trust-1441
trust-1730,trust-687
trust-1729,trust-1415
Untrust,trust-1730
Untrust,trust-1767
trust-1767,Untrust
trust-1449,trust-665
trust-1730,trust-674
trust-674,trust-1730
trust-1730,trust-684
trust-1730,trust-661
trust-1730,trust-646
trust-684,trust-1730
trust-1730,trust-1359
trust-1359,trust-1730
trust-1730,trust-691
trust-1725,trust-663
trust-1762,trust-686
trust-691,trust-691
trust-1729,trust-662
trust-1728,Untrust
Untrust,trust-1728
trust-1415,trust-1728
trust-1728,trust-1415
trust-691,trust-1729
trust-646,trust-1419
trust-691,trust-1419
trust-1419,trust-646
trust-646,trust-1326
trust-1726,trust-689
trust-687,trust-1729
trust-691,trust-1725
trust-1728,trust-687
trust-1718,trust-1449
trust-1718,trust-665
trust-1718,trust-662
trust-1718,trust-686
trust-1718,trust-688
trust-1718,trust-646
trust-1449,trust-1718
trust-662,trust-1718
trust-686,trust-1718
trust-688,trust-1718
trust-646,trust-1718
trust-1718,trust-661
trust-661,trust-1718
trust-1730,trust-662
trust-689,trust-1419
Untrust,trust-1464
Untrust,trust-1798
trust-686,trust-1725
trust-1798,trust-687
trust-1725,trust-662
trust-1361,trust-1718
trust-1718,trust-674
trust-687,trust-1798
trust-688,trust-1798
trust-662,trust-1798
trust-686,trust-1798
trust-689,trust-1798
trust-685,trust-1798
trust-646,trust-1798
trust-661,trust-1798
trust-1054,trust-1798
trust-663,trust-1798
trust-1129,trust-1798
trust-1324,trust-1798
trust-1325,trust-1798
trust-1326,trust-1798
trust-1327,trust-1798
trust-1361,trust-1798
trust-1365,trust-1798
trust-1366,trust-1798
trust-1367,trust-1798
trust-1415,trust-1798
trust-1419,trust-1798
trust-1441,trust-1798
trust-1449,trust-1798
trust-1303,trust-1798
trust-1464,trust-1798
trust-691,trust-1731
trust-689,trust-1731
trust-1718,trust-1359
trust-661,trust-1725
trust-1728,trust-662
trust-1728,trust-691
trust-691,trust-1303
trust-691,trust-1326
trust-691,trust-1327
trust-691,trust-1364
trust-691,trust-1726
trust-691,trust-1730
trust-691,trust-1767
trust-691,trust-1798
trust-691,trust-1064
trust-691,trust-1325
trust-691,trust-1365
trust-691,trust-1464
trust-691,trust-1718
trust-691,trust-1727
trust-691,trust-1728
trust-1767,trust-662
trust-689,trust-1726
trust-1419,trust-1418
trust-687,trust-1726
trust-665,trust-1464
trust-1464,trust-665
trust-662,trust-1726
trust-1726,trust-662
trust-662,trust-1729
trust-686,trust-1729
trust-687,trust-1718
trust-1366,trust-1718
trust-1367,trust-1718
trust-1418,trust-1798
trust-1054,trust-1718
trust-1064,trust-1718
trust-1129,trust-1718
trust-1303,trust-1718
trust-1324,trust-1718
trust-1325,trust-1718
trust-1326,trust-1718
trust-1327,trust-1718
trust-1364,trust-1718
trust-1365,trust-1718
trust-1415,trust-1718
trust-1418,trust-1718
trust-1419,trust-1718
trust-1441,trust-1718
trust-1464,trust-1718
trust-1725,trust-1718
trust-1726,trust-1718
trust-1727,trust-1718
trust-1728,trust-1718
trust-1729,trust-1718
trust-1730,trust-1718
trust-1731,trust-1718
trust-1762,trust-1718
trust-1767,trust-1718
trust-1798,trust-1718
trust-332,trust-1718
trust-663,trust-1718
trust-674,trust-1718
trust-684,trust-1718
trust-685,trust-1718
trust-689,trust-1718
trust-1730,trust-689
trust-662,trust-1418
trust-646,trust-1729
Untrust,trust-1881
trust-1881,trust-687
trust-689,trust-1762
trust-1729,trust-689
trust-1718,trust-691
trust-1449,trust-1881
trust-661,trust-1730
trust-1885,Untrust
trust-1129,trust-1881
